{"cameraMode":{"drawMode":0,"name":"Shaded","section":"Shading Mode"},"sceneLighting":true,"audioPlay":false,"sceneViewState":{"showFog":true,"showMaterialUpdate":false,"showSkybox":true,"showFlares":true,"showImageEffects":true,"showParticleSystems":true},"in2DMode":false,"pivot":{"x":-10.208982467651368,"y":-3.290229320526123,"z":-1.6542549133300782},"rotation":{"x":-0.2645474374294281,"y":0.6055538058280945,"z":-0.22359400987625123,"w":-0.7164670825004578},"size":7.568033218383789,"orthographic":false}